TIME;2013;2014;2015;2016;2017;2018;2019;2020;2021;2022
's-Gravenhage;:;208.000;259.000;260.000;:;:;274.862;277.880;289.000;297.000
's-Hertogenbosch;:;69.000;69.000;66.000;:;:;71.438;74.795;78.000;79.000
A Coruña;97.476;95.867;:;97.081;98.125;99.804;99.324;97.286;98.234;99.191
Aachen;117.400;118.200;119.259;122.381;122.154;122.514;123.579;122.776;127.000;:
Aalborg;:;:;:;:;:;:;:;:;:;:
Aberdeen;:;:;:;124.900;124.200;121.900;:;:;:;:
Acireale;:;:;:;:;:;8.356;8.035;8.332;:;:
Adana;:;:;:;:;:;:;:;:;:;:
Alba Iulia;:;:;:;:;:;:;:;:;:;:
Albacete;44.131;44.223;44.130;44.788;44.315;45.082;43.621;43.531;43.512;43.849
Alcoy;:;:;15.412;15.865;15.410;15.383;15.491;14.689;15.292;15.810
Alessandria;:;:;:;:;:;26.541;26.416;24.686;:;:
Algeciras;29.267;30.451;30.353;30.113;30.275;30.443;30.521;29.891;32.152;31.666
Alicante/Alacant;103.281;104.830;106.081;109.976;109.655;108.227;110.112;105.262;109.590;114.463
Alkmaar;:;50.000;71.000;71.000;:;:;73.731;75.440;77.000;78.000
Almelo;:;33.000;36.000;36.000;:;:;38.174;36.457;38.000;39.000
Almería;52.113;52.342;51.190;51.081;51.312;50.715;51.618;50.658;52.936;52.862
Alphen aan den Rijn;:;:;26.000;28.000;:;:;26.897;28.975;30.000;31.000
Altamura;:;:;:;:;:;10.989;11.056;10.803;:;:
Amersfoort;:;48.000;46.000;48.000;:;:;48.578;48.633;52.000;53.000
Amiens;78.591;78.382;78.398;78.719;78.764;78.567;78.815;79.532;:;:
Amsterdam;:;654.000;712.000;724.000;:;:;754.713;763.761;787.000;810.000
Ancona;:;:;:;:;:;43.987;44.204;42.541;:;:
Andria;:;:;:;:;:;11.829;11.842;11.711;:;:
Angers;96.682;97.545;98.009;98.629;98.993;99.959;100.792;102.116;:;:
Ankara;:;:;:;:;:;:;:;:;:;:
Annecy;66.734;68.059;69.085;69.929;70.567;71.311;72.442;73.563;:;:
Annemasse-Geneva (French part);99.871;102.075;104.631;106.309;107.764;109.339;110.750;112.562;:;:
Antalya;:;:;:;:;:;:;:;:;:;:
Antwerpen;:;:;217.156;220.583;225.722;224.778;228.505;:;238.122;:
Apeldoorn;:;53.000;53.000;53.000;:;:;57.426;60.872;60.000;62.000
Arad;:;:;:;:;:;:;:;:;:;:
Arezzo;:;:;:;:;:;30.665;32.046;32.202;:;:
Arnhem;:;99.000;98.000;100.000;:;:;103.811;102.519;109.000;115.000
Arras;35.554;35.713;35.744;35.892;35.992;36.076;36.175;36.367;:;:
Arrecife;:;:;25.829;26.910;29.048;28.337;29.381;28.733;29.915;30.253
Aschaffenburg;89.700;89.900;89.577;91.127;90.787;90.723;91.579;89.846;69.000;:
Assen;:;:;30.000;30.000;:;:;30.874;31.192;33.000;33.000
Asti;:;:;:;:;:;22.383;22.319;21.882;:;:
Athina;:;:;:;:;:;:;:;:;:;:
Augsburg;156.700;158.900;158.987;162.768;163.464;163.899;167.128;164.999;153.000;:
Austria;2.071.149;2.097.941;:;:;:;:;:;:;:;:
Aveiro;:;:;:;:;:;:;:;:;36.293;:
Avellino;:;:;:;:;:;24.134;26.490;24.910;:;:
Avignon;73.758;74.403;74.746;75.043;75.367;75.419;75.765;75.914;:;:
Avilés;:;:;27.268;27.082;25.507;26.998;26.266;25.738;25.914;25.384
Bacau;:;:;:;:;:;:;:;:;:;:
Badajoz;39.867;38.985;39.054;39.398;38.985;40.434;40.552;40.334;40.377;40.539
Baia Mare;:;:;:;:;:;:;:;:;:;:
Balikesir;:;:;:;:;:;:;:;:;:;:
Bamberg;54.500;55.100;54.960;55.879;56.099;56.377;57.144;55.742;58.000;:
Banská Bystrica;:;:;:;:;:;:;:;:;:;:
Barcelona;1.182.763;1.187.416;1.183.041;1.191.223;1.207.812;1.188.963;1.228.095;1.217.160;1.245.781;1.240.424
Bari;:;:;:;:;:;114.132;116.096;116.631;:;:
Barletta;:;:;:;:;:;11.502;10.796;10.805;:;:
Basel;:;:;:;139.981;141.711;141.837;136.642;137.343;137.835;:
Basel crossborder FUA;:;:;:;210.690;212.337;212.547;215.187;216.225;:;:
Battipaglia;:;:;:;:;:;10.373;10.390;10.173;:;:
Bayonne;58.397;59.118;60.319;60.994;62.380;63.298;64.139;65.467;:;:
Bayreuth;61.600;61.700;61.421;62.361;62.348;62.119;62.635;61.292;48.000;:
Belfort;29.355;29.449;29.589;29.317;29.097;29.012;28.921;28.555;:;:
Belgium;:;:;2.277.493;2.300.169;2.342.985;2.341.955;2.367.592;2.380.599;2.423.770;:
Benidorm;:;:;35.307;35.750;35.471;34.815;35.625;34.248;35.249;36.917
Bergamo;:;:;:;:;:;62.026;61.237;61.058;:;:
Bergen;:;:;:;:;:;:;:;:;:;:
Bergen op Zoom;:;23.000;28.000;25.000;:;:;29.353;27.390;29.000;29.000
Berlin;1.228.700;1.250.800;1.240.078;1.286.403;1.297.826;1.315.361;1.319.067;1.306.436;1.283.000;:
Bern;:;:;:;193.110;191.962;195.662;187.645;190.232;189.288;:
Besançon;64.162;64.199;64.016;63.998;63.776;64.103;64.531;64.751;:;:
Bialystok;:;:;:;:;:;:;:;:;:;:
Biel/Bienne;:;:;:;:;:;:;:;:;:;:
Bielefeld;72.900;74.100;74.785;76.596;76.618;77.050;77.912;77.154;133.000;:
Bielsko-Biala;:;:;:;:;:;:;:;:;:;:
Bilbao;233.107;231.625;232.512;235.166;230.522;234.326;233.218;231.118;235.830;236.758
Bisceglie;:;:;:;:;:;8.663;8.316;8.365;:;:
Blackburn with Darwen;:;:;60.800;63.200;63.300;60.900;:;:;:;:
Blackpool;:;:;74.200;69.000;74.600;75.300;:;:;:;:
Blagoevgrad;:;:;17.856;16.840;17.532;17.415;18.047;17.346;19.891;:
Bocholt, Stadt;:;:;:;:;:;:;90.508;89.890;24.000;:
Bologna;:;:;:;:;:;175.920;177.359;176.004;:;:
Bolzano;:;:;:;:;:;44.019;44.815;43.984;:;:
Bonn;205.300;206.900;210.871;215.921;216.085;217.951;220.299;218.979;195.000;:
Bordeaux;302.079;307.338;312.860;317.310;321.563;327.514;333.239;339.389;:;:
Borås;:;:;:;:;25.998;26.401;:;:;:;:
Botosani;:;:;:;:;:;:;:;:;:;:
Boulogne-sur-mer;34.247;34.273;34.370;34.092;33.829;33.668;33.557;33.694;:;:
Bourges;39.625;39.653;39.593;39.241;39.033;39.179;39.126;38.984;:;:
Bournemouth;:;:;120.400;122.200;126.200;126.900;:;:;:;:
Braga;:;:;:;:;:;:;:;:;64.165;:
Braila;:;:;:;:;:;:;:;:;:;:
Brandenburg an der Havel;17.100;16.800;16.420;16.531;16.469;16.463;16.037;15.870;24.000;:
Brasov;:;:;:;:;:;:;:;:;:;:
Bratislava;161.000;158.700;162.300;172.200;173.000;170.100;172.200;169.700;:;:
Braunschweig-Salzgitter;:;:;:;:;:;:;224.556;220.812;143.000;:
Breda;:;70.000;91.000;90.000;:;:;97.400;99.181;102.000;103.000
Bremen;285.700;288.200;287.589;293.095;293.286;293.515;295.263;292.540;252.000;:
Bremerhaven;68.100;68.100;67.705;68.707;68.626;68.866;69.297;68.423;51.000;:
Brescia;:;:;:;:;:;95.840;93.870;95.999;:;:
Brest;79.749;80.069;80.731;81.343;81.684;82.068;82.525;83.152;:;:
Brighton and Hove;:;:;113.600;118.600;114.800;116.000;:;:;:;:
Brindisi;:;:;:;:;:;24.974;24.524;21.824;:;:
Bristol;:;:;234.400;234.500;245.700;249.200;:;:;:;:
Brno;:;:;:;:;:;:;:;:;:;:
Brugge;:;:;48.590;49.192;50.110;50.015;50.560;:;53.121;:
Bruxelles/Brussel/Leuven;:;:;509.004;515.991;547.006;536.834;552.087;:;704.785;:
Bucuresti;:;:;:;:;:;:;:;:;:;:
Budapest;:;:;:;717.881;:;:;:;:;:;803.642
Bulgaria;:;:;1.374.054;1.333.974;1.355.887;1.339.422;:;:;:;:
Burgas;:;:;55.991;55.384;56.164;55.524;55.723;54.535;58.386;:
Burgos;45.451;46.156;45.128;46.385;43.980;45.781;45.251;44.812;45.643;47.231
Burnley;:;:;40.400;43.200;41.900;37.300;:;:;:;:
Bursa;:;:;:;:;:;:;:;:;:;:
Buzau;:;:;:;:;:;:;:;:;:;:
Bydgoszcz;:;:;:;:;:;:;:;:;:;:
Bârlad;:;:;:;:;:;:;:;:;:;:
Békéscsaba;:;:;:;24.411;:;:;:;:;:;25.761
Béziers;37.096;37.807;37.985;38.201;38.637;38.876;39.281;39.557;:;:
Caen;105.620;106.094;106.729;107.443;107.805;108.162;108.776;110.126;:;:
Cagliari;:;:;:;:;:;93.845;94.609;92.433;:;:
Calais;29.980;29.869;29.863;29.717;29.680;29.672;29.603;29.740;:;:
Calarasi;:;:;:;:;:;:;:;:;:;:
Cambridge;:;:;96.500;95.300;95.100;98.700;:;:;:;:
Campobasso;:;:;:;:;:;17.397;17.354;16.409;:;:
Cannes-Antibes;88.933;88.695;88.750;88.778;88.635;88.396;89.191;88.893;:;:
Cardiff;:;:;211.400;210.400;213.700;220.900;:;:;:;:
Carpi;:;:;:;:;:;18.868;17.999;17.705;:;:
Cartagena;50.115;50.606;49.036;49.134;49.487;49.413;49.613;49.334;51.205;51.383
Caserta;:;:;:;:;:;18.896;18.325;17.612;:;:
Castellón de la Plana/Castelló de la Plana;55.137;54.402;53.378;52.594;52.025;53.383;52.796;53.664;54.494;54.886
Catania;:;:;:;:;:;99.694;96.662;97.935;:;:
Catanzaro;:;:;:;:;:;26.100;26.173;24.946;:;:
Cayenne;27.978;29.363;30.340;31.440;31.804;32.836;33.567;34.821;:;:
Celle;39.400;39.300;39.879;39.704;40.188;40.082;40.466;39.868;42.000;:
Cerignola;:;:;:;:;:;8.118;7.910;8.651;:;:
Ceské Budejovice;:;:;:;:;:;:;:;:;:;:
Ceuta;:;:;:;:;:;:;:;17.274;18.235;18.616
Chambéry;56.573;57.281;57.651;57.889;58.431;59.157;59.706;60.583;:;:
Charleroi;:;:;81.650;86.383;87.676;87.823;87.296;:;95.757;:
Chartres;40.590;40.756;40.952;40.641;40.435;40.141;40.197;40.114;:;:
Chelm;:;:;:;:;:;:;:;:;:;:
Cheltenham;:;:;50.000;48.800;55.800;50.900;:;:;:;:
Chemnitz;55.700;56.500;54.816;55.307;54.502;53.408;53.991;53.032;101.000;:
Cherbourg-en-Cotentin;34.172;34.343;34.283;34.203;34.186;34.232;34.045;34.403;:;:
Cheshire West and Chester;:;:;110.200;108.000;112.600;113.700;:;:;:;:
Chiclana de la Frontera;:;:;:;:;:;:;:;17.721;19.406;19.468
Chomutov;:;:;:;:;:;:;:;:;:;:
Ciudad Real;:;:;23.208;22.728;22.719;23.677;23.824;22.516;23.671;23.784
Clermont-Ferrand;112.528;113.413;113.975;114.632;115.080;115.969;116.731;117.504;:;:
Cluj-Napoca;:;:;:;:;:;:;:;:;:;:
Coimbra;:;:;:;:;:;:;:;:;61.126;:
Colchester;:;:;74.000;66.300;75.800;77.600;:;:;:;:
Colmar;46.636;47.003;47.514;47.637;47.585;47.687;47.814;47.783;:;:
Como;:;:;:;:;:;36.324;35.632;33.644;:;:
Constanta;:;:;:;:;:;:;:;:;:;:
Cork;:;:;:;:;:;:;:;:;:;:
Cosenza;:;:;:;:;:;33.292;32.423;32.195;:;:
Cottbus;54.000;53.000;51.080;51.606;51.524;51.248;49.264;48.186;42.000;:
Coventry;:;:;153.700;154.600;171.800;183.400;:;:;:;:
Craiova;:;:;:;:;:;:;:;:;:;:
Cremona;:;:;:;:;:;25.054;24.761;23.942;:;:
Cuenca;:;:;13.536;13.396;13.297;13.851;13.875;13.138;13.559;13.850
Cyprus;:;:;:;:;:;:;:;:;:;:
Czech Republic;:;:;:;:;:;:;:;:;:;:
Czestochowa;:;:;:;:;:;:;:;:;:;:
Cáceres;:;:;26.689;26.283;25.975;26.688;26.614;26.217;26.261;26.754
Cádiz;54.935;56.308;55.177;53.534;51.915;52.824;52.500;50.726;54.208;52.998
Córdoba;80.252;78.553;80.318;80.443;77.686;79.471;79.387;78.047;78.473;79.004
Darmstadt;104.900;103.800;106.229;107.954;108.594;108.612;110.491;107.348;109.000;:
Daugavpils;:;:;27.200;27.200;26.600;26.700;26.100;27.200;22.100;23.600
Debrecen;:;:;:;71.692;:;:;:;:;:;76.940
Denizli;:;:;:;:;:;:;:;:;:;:
Denmark;:;:;:;:;:;:;:;:;:;:
Derby;:;:;111.300;114.100;112.000;115.900;:;:;:;:
Dessau-Roßlau;20.000;19.600;19.415;19.170;18.582;17.582;17.690;17.328;26.000;:
Deventer;:;30.000;30.000;28.000;:;:;29.340;30.296;31.000;32.000
Dijon;95.870;96.549;97.021;96.866;97.011;96.425;96.919;97.409;:;:
Diyarbakir;:;:;:;:;:;:;:;:;:;:
Dobrich;:;:;21.174;20.419;20.232;20.096;20.107;19.563;18.898;:
Douai;40.428;40.161;40.180;40.160;40.277;40.265;40.253;40.621;:;:
Dresden;318.200;319.300;317.376;314.895;314.629;311.533;317.115;309.202;229.000;:
Drobeta-Turnu Severin;:;:;:;:;:;:;:;:;:;:
Dublin;:;:;:;:;:;:;:;:;:;:
Dunaújváros;:;:;:;18.557;:;:;:;:;:;19.765
Dundee City;:;:;:;65.400;61.600;63.200;:;:;:;:
Dunkerque;55.164;55.309;55.571;55.340;55.281;55.265;55.031;55.109;:;:
Düren, Stadt;:;:;:;:;:;:;59.834;59.499;47.000;:
Düsseldorf;347.500;350.800;353.794;362.623;362.527;364.205;367.670;365.554;352.000;:
Ede;:;:;37.000;37.000;:;:;38.369;37.261;42.000;43.000
Edinburgh;:;:;:;216.900;236.800;236.400;:;:;:;:
Edirne;:;:;:;:;:;:;:;:;:;:
Eger;:;:;:;22.005;:;:;:;:;:;23.671
Eindhoven;:;163.000;177.000;184.000;:;:;188.885;193.891;197.000;200.000
Eivissa;:;:;38.652;39.182;40.326;39.486;41.137;40.738;42.417;43.244
Elblag;:;:;:;:;:;:;:;:;:;:
Elche/Elx;58.037;58.790;59.406;61.286;61.213;60.620;61.432;58.905;61.215;64.104
Elda;:;:;:;:;:;:;:;18.699;19.317;19.976
Elk;:;:;:;:;:;:;:;:;:;:
Enschede;:;96.000;96.000;97.000;:;:;91.301;94.798;101.000;104.000
Erfurt;127.200;126.500;123.756;125.282;124.178;124.151;123.777;121.649;87.000;:
Erlangen;:;:;:;:;:;:;:;:;78.000;:
Erzurum;:;:;:;:;:;:;:;:;:;:
Estonia;:;:;333.400;335.600;338.800;340.400;:;:;:;:
Exeter;:;:;118.000;115.000;124.900;117.000;:;:;:;:
Faro;:;:;:;:;:;:;:;:;29.142;:
Ferrara;:;:;:;:;:;44.195;46.094;45.056;:;:
Ferrol;:;:;33.363;33.196;32.128;33.250;32.568;31.360;31.651;31.798
Finland;:;:;1.298.455;1.296.860;1.291.478;1.293.541;:;:;:;:
Firenze;:;:;:;:;:;172.836;176.021;170.038;:;:
Flensburg;62.700;63.200;63.291;64.186;65.520;66.180;66.972;66.911;47.000;:
Focsani;:;:;:;:;:;:;:;:;:;:
Foggia;:;:;:;:;:;28.311;27.002;26.930;:;:
Forlì;:;:;:;:;:;36.022;35.475;35.288;:;:
Fort-de-France;92.114;92.031;91.349;90.907;90.054;89.226;88.166;87.323;:;:
France;14.938.589;15.030.553;15.107.191;15.137.765;15.204.525;15.223.139;15.288.893;15.368.426;:;:
Frankfurt (Oder);14.900;14.400;13.699;13.834;13.674;13.657;13.109;12.714;20.000;:
Frankfurt am Main;606.800;603.300;614.259;626.340;629.613;631.729;646.507;633.045;648.000;:
Freiburg im Breisgau;157.500;159.100;160.670;165.284;165.410;166.197;168.634;163.952;156.000;:
Friedrichshafen;51.500;52.000;52.747;53.880;54.003;54.133;55.006;53.211;41.000;:
Fréjus;23.540;23.716;23.945;24.142;23.893;24.526;24.805;24.787;:;:
Fulda;51.400;51.100;51.870;52.636;53.076;53.395;54.574;53.144;56.000;:
Funchal;:;:;:;:;:;:;:;:;49.360;:
Galati;:;:;:;:;:;:;:;:;:;:
Galway;:;:;:;:;:;:;:;:;:;:
Gandia;:;:;24.953;25.123;24.707;24.644;24.563;25.225;26.057;26.188
Gaziantep;:;:;:;:;:;:;:;:;:;:
Gdansk;:;:;:;:;:;:;:;:;:;:
Gela;:;:;:;:;:;9.413;8.772;8.326;:;:
Geneva crossborder FUA;:;:;:;213.032;215.792;220.170;245.081;247.988;:;:
Genova;:;:;:;:;:;137.844;138.726;135.422;:;:
Gent;:;:;128.978;131.349;97.174;117.647;141.400;:;152.574;:
Genève;:;:;:;133.075;134.585;137.783;135.744;137.241;136.470;:
Gera;47.300;46.400;44.781;44.831;43.953;43.456;42.945;41.723;27.000;:
Germany;19.037.000;19.133.900;19.218.700;19.560.470;19.583.530;19.598.410;:;:;:;:
Gießen;61.900;61.600;62.371;63.327;63.488;63.778;65.268;63.288;60.000;:
Gijón;65.035;65.866;65.302;65.174;62.647;65.647;64.484;63.644;64.073;63.200
Girona;:;:;42.204;42.522;43.805;43.112;44.316;43.926;44.929;45.263
Giurgiu;:;:;:;:;:;:;:;:;:;:
Glasgow;:;:;:;440.500;444.600;448.100;:;:;:;:
Glogów;:;:;:;:;:;:;:;:;:;:
Gniezno;:;:;:;:;:;:;:;:;:;:
Gorzów Wielkopolski;:;:;:;:;:;:;:;:;:;:
Gouda;:;22.000;17.000;17.000;:;:;18.518;19.368;20.000;20.000
Granada;127.082;125.680;126.872;129.012;129.005;127.189;124.946;121.456;129.125;129.052
Greece;:;:;:;:;:;:;:;:;:;:
Greifswald;55.300;54.900;53.599;53.442;52.233;50.908;51.933;52.727;32.000;:
Grenoble;164.052;164.571;165.285;164.311;164.927;165.300;165.903;166.441;:;:
Groningen;:;116.000;130.000;132.000;:;:;134.810;133.932;145.000;148.000
Grosseto;:;:;:;:;:;20.467;20.313;19.644;:;:
Grudziadz;:;:;:;:;:;:;:;:;:;:
Guadalajara;:;:;27.868;28.039;29.034;29.344;29.991;29.298;29.457;29.722
Guildford;:;:;60.900;68.200;63.700;63.700;:;:;:;:
Guimarães;:;:;:;:;:;:;:;:;46.408;:
Gyõr;:;:;:;56.174;:;:;:;:;:;65.039
Görlitz;59.400;58.700;57.774;56.826;56.331;55.060;55.639;53.869;23.000;:
Göteborg;:;:;:;:;250.889;255.666;:;:;:;:
Göttingen;88.700;87.900;88.848;104.545;104.873;105.030;105.265;102.761;73.000;:
Halle an der Saale;101.000;99.900;99.676;99.356;97.685;94.140;95.473;94.811;84.000;:
Hamburg;772.800;784.400;792.399;800.344;816.998;821.010;836.311;821.201;888.000;:
Hannover;300.100;299.100;302.967;301.320;304.090;305.127;307.649;302.064;316.000;:
Haskovo;:;:;18.170;17.438;17.332;17.212;17.167;16.720;16.674;:
Hastings;:;:;39.100;40.300;38.900;42.600;:;:;:;:
Hatay;:;:;:;:;:;:;:;:;:;:
Hayange;67.474;68.234;68.367;68.603;68.869;69.446;69.985;70.741;:;:
Heerlen;:;31.000;63.000;63.000;:;:;61.100;58.768;66.000;66.000
Heidelberg;162.400;163.000;164.939;169.373;169.651;169.876;171.722;167.235;86.000;:
Heilbronn;110.100;110.000;111.307;114.318;114.590;115.001;117.134;114.099;96.000;:
Helsingborg;:;:;:;:;54.359;55.056;:;:;:;:
Helsinki/Helsingfors;:;:;385.600;388.892;391.669;397.963;401.141;400.643;403.738;:
Hildesheim;63.600;62.900;63.636;63.707;64.006;64.014;63.986;62.504;49.000;:
Hradec Králové;:;:;:;:;:;:;:;:;:;:
Huelva;50.508;50.788;51.747;51.186;49.746;51.020;52.650;50.492;51.392;52.388
Hungary;:;:;:;2.096.215;2.100.069;1.988.316;:;:;:;:
Iasi;:;:;:;:;:;:;:;:;:;:
Igualada;:;:;16.759;16.841;16.862;16.653;17.153;16.931;17.560;17.471
Ingolstadt;110.300;112.200;113.100;116.299;117.024;117.210;119.453;117.630;100.000;:
Inowroclaw;:;:;:;:;:;:;:;:;:;:
Ioannina;:;:;:;:;:;:;:;:;:;:
Ipswich;:;:;83.900;81.700;83.900;84.900;:;:;:;:
Irakleio;:;:;:;:;:;:;:;:;:;:
Ireland;:;:;:;:;:;:;:;:;:;:
Irun;:;:;17.237;17.227;16.662;17.532;17.547;17.857;17.981;17.465
Iserlohn;93.000;93.200;93.490;94.561;94.027;93.861;93.772;92.353;43.000;:
Istanbul;:;:;:;:;:;:;:;:;:;:
Italy;:;:;:;:;:;:;:;:;:;:
Izmir;:;:;:;:;:;:;:;:;:;:
Jastrzebie-Zdrój;:;:;:;:;:;:;:;:;:;:
Jaén;33.900;33.121;34.257;33.538;33.004;33.813;33.121;31.763;32.585;32.524
Jelenia Góra;:;:;:;:;:;:;:;:;:;:
Jelgava;:;:;23.500;22.900;22.800;21.900;22.600;23.700;22.500;21.200
Jena;46.000;46.000;44.763;45.074;:;:;45.093;44.162;43.000;:
Jerez de la Frontera;46.444;47.695;47.168;46.128;45.712;46.214;46.179;44.775;48.125;47.398
Jihlava;:;:;:;:;:;:;:;:;:;:
Jyväskylä;:;:;43.225;43.277;43.428;43.660;43.672;43.659;43.820;:
Jönköping;:;:;:;:;43.262;44.203;:;:;:;:
Kaiserslautern;61.600;61.600;61.709;64.017;63.492;63.065;63.320;61.851;63.000;:
Kalamata;:;:;:;:;:;:;:;:;:;:
Kalisz;:;:;:;:;:;:;:;:;:;:
Kaposvár;:;:;:;22.585;:;:;:;:;:;24.240
Karlovy Vary;:;:;:;:;:;:;:;:;:;:
Karlsruhe;173.800;174.600;176.232;179.802;180.860;181.065;183.227;178.771;177.000;:
Kars;:;:;:;:;:;:;:;:;:;:
Kassel;100.700;99.400;100.286;101.690;101.627;100.946;102.372;99.269;116.000;:
Kastamonu;:;:;:;:;:;:;:;:;:;:
Katowice;:;:;:;:;:;:;:;:;:;:
Kaunas;:;:;103.277;104.353;102.822;108.768;110.918;109.729;109.834;111.503
Kavala;:;:;:;:;:;:;:;:;:;:
Kayseri;:;:;:;:;:;:;:;:;:;:
Kecskemét;:;:;:;41.084;:;:;:;:;:;46.340
Kempten (Allgäu);52.800;53.400;53.545;54.591;55.020;55.240;56.239;55.399;38.000;:
Kiel;145.300;147.200;147.222;150.166;152.642;153.029;154.820;153.219;124.000;:
Kielce;:;:;:;:;:;:;:;:;:;:
Kingston upon Hull;:;:;136.400;137.000;135.800;143.000;:;:;:;:
Koblenz;76.000;76.557;76.705;79.151;78.639;78.427;78.811;77.213;82.000;:
Kocaeli;:;:;:;:;:;:;:;:;:;:
Konin;:;:;:;:;:;:;:;:;:;:
Konstanz;65.000;65.900;66.864;68.856;68.945;68.952;70.005;67.843;28.000;:
Konya;:;:;:;:;:;:;:;:;:;:
Kortrijk;:;:;36.446;36.818;37.322;37.439;37.885;:;46.892;:
Koszalin;:;:;:;:;:;:;:;:;:;:
Košice;:;:;:;:;:;:;:;:;:;:
Kraków;:;:;:;:;:;:;:;:;:;:
Krefeld;48.800;48.900;49.514;50.259;50.217;50.432;50.685;50.477;67.000;:
Kuopio;:;:;37.991;37.946;37.950;38.028;37.987;38.185;38.263;:
Köln;440.500;447.700;453.041;463.567;465.809;469.462;474.104;471.444;556.000;:
København;:;:;:;:;:;:;:;:;:;:
L'Aquila;:;:;:;:;:;18.457;17.983;17.559;:;:
La Louvière;:;:;:;:;:;:;:;:;31.395;:
La Rochelle;51.507;52.159;52.632;53.067;53.342;54.104;54.851;55.847;:;:
La Spezia;:;:;:;:;:;36.384;36.987;36.224;:;:
Lahti/Lahtis;:;:;44.231;43.970;43.245;42.906;42.438;42.349;42.159;:
Landshut;52.800;53.600;54.279;55.651;55.967;56.246;57.316;56.778;48.000;:
Larisa;:;:;:;:;:;:;:;:;:;:
Las Palmas;150.109;149.309;147.886;151.426;153.950;153.585;156.124;150.183;155.838;158.012
Latina;:;:;:;:;:;34.354;33.783;34.290;:;:
Latvia;:;:;494.900;496.800;491.600;492.400;:;485.300;466.000;478.000
Lausanne;:;:;:;138.735;141.045;143.831;140.690;140.618;144.149;:
Le Havre;74.341;74.670;74.763;74.087;73.859;73.781;73.554;73.073;:;:
Le Mans;83.201;83.423;83.223;83.110;82.956;82.991;83.327;83.733;:;:
Lecce;:;:;:;:;:;39.096;38.156;38.269;:;:
Lecco;:;:;:;:;:;26.864;26.499;25.319;:;:
Leeds;:;:;597.200;601.600;597.600;592.400;:;:;:;:
Leeuwarden;:;59.000;65.000;63.000;:;:;61.239;59.740;62.000;63.000
Lefkosia;:;:;:;:;:;:;:;:;:;:
Legnica;:;:;:;:;:;:;:;:;:;:
Leicester;:;:;197.200;200.000;198.700;206.000;:;:;:;:
Leiden;:;42.000;88.000;92.000;:;:;95.486;97.309;99.000;102.000
Leipzig;240.000;242.200;243.362;243.317;245.759;245.007;251.573;247.169;238.000;:
Lelystad;:;:;29.000;29.000;:;:;27.876;28.425;31.000;32.000
Lemesos;:;:;:;:;:;:;:;:;:;:
Lens;61.612;62.150;62.531;62.285;62.401;62.471;62.413;63.092;:;:
Leszno;:;:;:;:;:;:;:;:;:;:
León;48.050;48.419;47.830;47.645;45.684;47.591;47.077;45.844;46.242;47.590
Liberec;:;:;:;:;:;:;:;:;:;:
Liepaja;:;:;23.300;22.100;21.100;23.500;23.500;22.200;:;23.300
Lille;334.282;336.837;337.527;338.758;340.675;343.338;345.042;347.616;:;:
Limerick;:;:;:;:;:;:;:;:;:;:
Limoges;73.210;73.182;72.881;72.375;72.212;72.062;71.935;71.852;:;:
Linares;:;:;13.165;12.729;12.241;12.608;12.296;11.737;11.915;11.724
Lincoln;:;:;74.000;69.900;69.800;72.000;:;:;:;:
Linköping;:;:;:;:;46.728;47.423;:;:;:;:
Lisboa;:;:;:;:;:;:;:;:;710.249;:
Lithuania;:;:;741.342;748.150;736.638;735.441;:;:;:;:
Liverpool;:;:;332.000;344.800;337.900;353.000;:;:;:;:
Livorno;:;:;:;:;:;35.368;35.769;35.204;:;:
Liège;:;:;140.130;141.273;142.622;142.574;142.201;:;158.525;:
Lleida;42.992;42.575;43.150;41.991;41.805;42.412;43.778;43.982;44.269;43.328
Logroño;44.755;45.073;44.156;44.413;44.946;46.008;46.075;45.385;45.996;46.375
Lomza;:;:;:;:;:;:;:;:;:;:
London;:;:;:;3.031.000;3.103.700;3.087.500;:;:;:;:
Lorca;:;:;22.023;22.221;23.124;22.758;23.137;23.151;24.261;24.607
Lorient;47.589;47.823;47.657;47.792;47.995;48.178;48.440;49.172;:;:
Lubin;:;:;:;:;:;:;:;:;:;:
Lublin;:;:;:;:;:;:;:;:;:;:
Lugano;:;:;:;38.854;39.240;39.864;37.189;38.236;39.534;:
Lugo;:;:;28.862;29.061;28.442;29.199;28.846;28.629;28.727;28.837
Luxembourg;:;:;:;:;:;:;:;:;:;:
Luxembourg (Grand Duchy);:;:;:;:;:;:;:;:;:;:
Luzern;:;:;:;83.308;83.446;83.026;80.922;84.273;82.813;:
Lyon;511.490;518.302;523.802;526.768;529.619;535.982;541.114;547.193;:;:
Línea de la Concepción, La;:;:;:;:;:;:;:;13.063;14.077;13.901
Lódz;:;:;:;:;:;:;:;:;:;:
Lübeck;92.300;93.300;93.969;95.606;97.317;97.428;98.234;97.574;93.000;:
Maastricht;:;42.000;42.000;42.000;:;:;46.059;44.324;47.000;48.000
Madrid;1.638.403;1.627.571;398.068;1.677.405;1.706.543;1.676.545;1.734.041;1.748.937;1.797.631;1.797.704
Magdeburg;122.100;121.600;121.735;121.053;119.062;114.735;116.106;114.519;96.000;:
Mainz;99.400;100.800;101.325;105.180;105.043;105.494;107.313;105.708;113.000;:
Malatya;:;:;:;:;:;:;:;:;:;:
Malmö;:;:;:;:;149.225;152.129;:;:;:;:
Malta;:;:;75.178;77.865;91.341;97.955;:;:;:;:
Malta;:;:;70.132;72.816;85.518;91.642;99.255;103.640;104.276;113.902
Mamoudzou;:;:;:;:;33.932;:;:;:;:;:
Manchester;:;:;749.300;767.800;770.500;773.000;:;:;:;:
Manisa;:;:;:;:;:;:;:;:;:;:
Mannheim-Ludwigshafen;:;:;:;:;:;:;280.279;275.145;319.000;:
Manresa;:;:;28.511;28.642;29.135;28.579;29.649;29.186;30.104;29.742
Marbella;72.123;71.540;73.630;73.401;73.722;72.686;75.449;75.788;79.145;81.505
Marburg;57.700;56.800;57.271;57.848;58.361;58.447;59.210;57.530;47.000;:
Marseille;400.432;401.885;403.338;405.225;405.884;408.592;410.910;415.055;:;:
Massa;:;:;:;:;:;14.575;14.990;14.323;:;:
Matera;:;:;:;:;:;11.994;12.941;12.404;:;:
Mechelen;:;:;:;:;:;:;:;:;27.388;:
Melilla;:;:;:;:;:;:;:;17.651;17.987;18.128
Messina;:;:;:;:;:;46.044;45.184;45.322;:;:
Metz;85.781;85.376;85.607;85.811;85.757;85.749;86.449;87.052;:;:
Middelburg;:;:;29.000;26.000;:;:;27.534;27.608;29.000;29.000
Middlesbrough;:;:;127.800;120.900;123.800;122.400;:;:;:;:
Milano;:;:;:;:;:;1.041.031;1.054.315;1.033.454;:;:
Miskolc;:;:;:;63.061;:;:;:;:;:;64.892
Modena;:;:;:;:;:;79.327;80.705;79.041;:;:
Mons;:;:;36.242;36.246;36.012;36.167;36.465;:;47.389;:
Montbéliard;38.146;37.900;37.773;37.461;37.162;37.152;37.109;36.954;:;:
Montpellier;169.430;172.770;175.759;178.096;180.198;183.090;186.384;189.770;:;:
Most;:;:;:;:;:;:;:;:;:;:
Mouscron;:;:;:;:;:;:;:;:;13.496;:
Mulhouse;91.607;91.776;91.476;90.740;90.435;90.423;90.544;90.843;:;:
Murcia;138.861;140.721;136.635;137.927;142.453;141.251;142.734;142.504;147.899;149.038
Málaga;194.176;195.054;197.943;197.509;193.327;194.443;197.911;194.607;202.114;205.927
Mérida;:;:;18.028;18.207;18.056;18.726;18.784;18.693;18.794;18.917
Mönchengladbach;56.600;56.500;57.189;58.479;58.358;58.317;58.253;57.933;87.000;:
München;688.900;702.300;707.198;727.651;730.695;733.897;748.137;732.174;829.000;:
Münster;123.000;125.700;127.591;130.707;131.674;133.036;134.400;133.761;175.000;:
Namur;:;:;44.501;44.686;45.750;46.149;46.233;:;57.616;:
Nancy;116.315;116.065;115.790;114.830;114.829;114.587;114.565;114.765;:;:
Nantes;223.876;228.007;232.642;236.358;240.097;243.783;247.237;250.905;:;:
Napoli;:;:;:;:;:;484.574;479.080;449.977;:;:
Narva;:;:;:;:;:;:;:;:;12.700;12.100
Netherlands;:;4.089.000;4.129.000;4.154.000;:;:;4.335.518;4.372.444;4.574;4.681
Neubrandenburg;63.400;62.700;61.474;61.190;59.809;57.848;58.191;59.035;28.000;:
Neumünster;17.000;17.100;17.126;17.430;17.759;17.774;18.083;17.955;29.000;:
Nevsehir;:;:;:;:;:;:;:;:;:;:
Newcastle upon Tyne;:;:;277.500;269.500;274.700;270.600;:;:;:;:
Newport;:;:;53.100;55.800;58.800;55.500;:;:;:;:
Nice;135.806;136.202;136.436;136.442;136.609;137.240;138.510;139.961;:;:
Nijmegen;:;80.000;85.000;84.000;:;:;89.324;88.832;92.000;90.000
Nitra;:;:;:;:;:;:;:;:;:;:
Norge;:;:;:;:;:;:;:;:;:;:
Norrköping;:;:;:;:;36.373;37.111;:;:;:;:
Northampton;:;:;111.300;117.700;120.100;123.800;:;:;:;:
Norwich;:;:;94.900;101.700;100.000;102.700;:;:;:;:
Nottingham;:;:;213.200;216.700;204.100;207.000;:;:;:;:
Novara;:;:;:;:;:;32.140;32.820;30.921;:;:
Nowy Sacz;:;:;:;:;:;:;:;:;:;:
Nyíregyháza;:;:;:;52.566;:;:;:;:;:;55.342
Nîmes;73.333;73.157;72.931;73.317;73.696;73.733;73.901;74.740;:;:
Nürnberg;321.900;324.000;323.499;329.630;330.221;331.162;336.088;329.692;299.000;:
Odense;:;:;:;:;:;:;:;:;:;:
Offenburg;104.300;104.500;105.287;107.886;107.913;108.338;110.146;106.639;44.000;:
Oldenburg (Oldenburg);99.500;100.100;101.641;101.754;103.152;104.125;105.663;104.293;90.000;:
Olomouc;:;:;:;:;:;:;:;:;:;:
Olsztyn;:;:;:;:;:;:;:;:;:;:
Oostende;:;:;24.013;24.431;24.918;24.653;24.952;:;25.138;:
Opole;:;:;:;:;:;:;:;:;:;:
Oradea;:;:;:;:;:;:;:;:;:;:
Orléans;103.448;104.397;105.017;105.154;105.824;105.965;106.438;106.917;:;:
Osijek;35.815;35.485;34.597;34.208;34.776;33.472;31.974;31.615;34.634;36.264
Oslo;:;:;:;:;:;:;:;:;:;:
Osnabrück;123.900;123.800;126.210;127.296;128.276;129.161;130.075;127.892;99.000;:
Osrednjeslovenska;129;129;114.454;116.055;118.472;120.318;122.499;123.173;:;:
Oss;:;:;34.000;35.000;:;:;33.798;37.218;36.000;32.000
Ostrava;:;:;:;:;:;:;:;:;:;:
Ostrowiec Swietokrzyski;:;:;:;:;:;:;:;:;:;:
Ostrów Wielkopolski;:;:;:;:;:;:;:;:;:;:
Oulu/Uleåborg;:;:;58.942;59.253;59.369;59.928;60.173;61.585;61.815;:
Ourense;33.501;33.748;33.787;33.660;32.704;33.927;33.553;33.180;33.280;34.056
Oviedo;71.655;72.299;71.540;71.281;68.419;71.908;70.361;69.238;69.649;68.241
Oxford;:;:;139.100;137.000;143.400;137.500;:;:;:;:
Pabianice;:;:;:;:;:;:;:;:;:;:
Paderborn;68.000;68.800;69.865;71.745;72.038;72.538;73.151;72.590;84.000;:
Padova;:;:;:;:;:;113.088;110.842;110.673;:;:
Palencia;:;:;22.562;22.030;21.727;22.421;21.553;21.578;21.655;21.824
Palermo;:;:;:;:;:;137.251;137.683;131.256;:;:
Palma de Mallorca;169.333;168.773;173.255;174.293;178.318;175.525;182.425;179.213;185.335;187.356
Pamplona/Iruña;85.439;86.219;87.105;87.230;89.522;89.735;90.309;89.198;92.814;93.400
Panevežys;:;:;34.003;36.883;34.572;30.412;31.760;33.229;31.551;33.569
Pardubice;:;:;:;:;:;:;:;:;:;:
Paris;3.221.631;3.236.253;3.250.689;3.253.469;3.263.775;3.274.232;3.288.344;3.293.040;:;:
Parma;:;:;:;:;:;77.619;76.795;75.577;:;:
Passau;56.200;56.800;57.325;58.741;58.915;59.211;60.045;58.787;55.000;:
Pau;62.078;62.530;62.862;63.254;63.480;63.804;63.893;64.312;:;:
Pavia;:;:;:;:;:;28.263;28.430;27.228;:;:
Pazardzhik;:;:;21.723;20.882;20.905;20.751;20.853;20.341;19.479;:
Perpignan;81.059;81.851;82.707;83.760;83.936;84.089;84.905;85.718;:;:
Perugia;:;:;:;:;:;57.724;58.435;57.924;:;:
Pesaro;:;:;:;:;:;26.708;27.195;26.982;:;:
Pescara;:;:;:;:;:;43.656;45.602;44.241;:;:
Pforzheim;74.600;74.700;75.602;77.169;77.261;77.261;78.213;76.551;68.000;:
Piacenza;:;:;:;:;:;41.753;41.407;41.299;:;:
Piatra Neamt;:;:;:;:;:;:;:;:;:;:
Pila;:;:;:;:;:;:;:;:;:;:
Piotrków Trybunalski;:;:;:;:;:;:;:;:;:;:
Pisa;:;:;:;:;:;39.809;40.654;39.574;:;:
Pitesti;:;:;:;:;:;:;:;:;:;:
Plauen;54.000;53.700;53.744;52.528;52.053;51.091;51.537;49.667;24.000;:
Pleven;:;:;30.817;29.539;29.467;29.121;29.204;28.329;30.157;:
Plock;:;:;:;:;:;:;:;:;:;:
Ploiesti;:;:;:;:;:;:;:;:;:;:
Plovdiv;:;:;110.089;108.133;110.575;109.493;110.814;108.714;118.687;:
Plymouth;:;:;94.800;93.400;94.900;96.400;:;:;:;:
Plzen;:;:;:;:;:;:;:;:;:;:
Podravska;71;72;66.039;66.245;67.070;67.880;68.978;69.080;:;:
Poitiers;64.563;64.662;64.649;64.663;64.485;64.571;64.900;65.107;:;:
Poland;:;:;:;:;7.737.000;7.703.000;:;:;:;:
Ponferrada;:;:;19.281;19.252;18.271;19.116;18.829;18.305;18.428;18.887
Ponta Delgada;:;:;:;:;:;:;:;:;31.011;:
Pontevedra;:;:;31.334;31.213;31.344;32.272;32.004;31.060;31.766;32.140
Pordenone;:;:;:;:;:;28.734;28.740;28.771;:;:
Porto;:;:;:;:;:;:;:;:;310.065;:
Portsmouth;:;:;127.600;129.200;132.500;125.600;:;:;:;:
Portugal;:;:;:;:;:;:;:;:;2.435.468;:
Potenza;:;:;:;:;:;21.809;21.199;20.825;:;:
Poznan;:;:;:;:;:;:;:;:;:;:
Praha;:;:;:;:;:;:;:;:;:;:
Prato;:;:;:;:;:;58.825;60.209;63.365;:;:
Preston;:;:;57.600;56.900;61.400;63.300;:;:;:;:
Prešov;:;:;:;:;:;:;:;:;:;:
Przemysl;:;:;:;:;:;:;:;:;:;:
Puerto de Santa María, El;:;:;:;:;:;:;:;18.175;19.639;19.460
Puerto de la Cruz;:;:;25.741;25.857;26.007;25.665;26.000;25.383;26.540;27.086
Pula/Pola;:;:;:;18.089;14.011;17.871;18.108;18.083;19.662;18.916
Pátra;:;:;:;:;:;:;:;:;:;:
Pécs;:;:;:;56.531;:;:;:;:;:;59.470
Póvoa de Varzim;:;:;:;:;:;:;:;:;15.552;:
Quimper;52.252;52.208;52.118;52.116;51.866;52.086;52.365;52.806;:;:
Radom;:;:;:;:;:;:;:;:;:;:
Ragusa;:;:;:;:;:;16.029;16.208;15.735;:;:
Ravenna;:;:;:;:;:;38.010;37.394;37.356;:;:
Reading;:;:;78.900;80.300;79.600;78.000;:;:;:;:
Regensburg;109.100;110.700;111.565;115.020;115.596;116.194;118.486;116.431;117.000;:
Reggio di Calabria;:;:;:;:;:;33.933;31.433;31.048;:;:
Reggio nell'Emilia;:;:;:;:;:;59.094;59.642;58.332;:;:
Reims;81.091;81.093;81.644;81.365;81.405;81.394;81.518;82.199;:;:
Remscheid;24.100;24.100;24.138;24.386;24.398;24.433;24.570;24.288;44.000;:
Rennes;167.803;170.060;172.588;174.722;176.728;178.802;180.978;183.971;:;:
Reus;28.367;27.841;27.636;27.191;27.110;27.246;27.373;27.144;27.894;27.933
Reutlingen;68.800;69.300;69.761;71.300;71.273;71.196;72.149;70.109;52.000;:
Riga;:;:;248.200;249.000;248.400;252.800;253.100;251.600;:;245.800
Rijeka;46.655;46.452;45.896;45.510;40.232;44.737;44.801;44.424;46.485;47.487
Rimini;:;:;:;:;:;56.626;56.561;53.704;:;:
Roma;:;:;:;:;:;890.136;895.010;881.641;:;:
Roman;:;:;:;:;:;:;:;:;:;:
Romania;:;:;3.916.051;3.833.616;3.936.275;3.883.096;:;:;:;:
Roosendaal;:;31.000;30.000;29.000;:;:;31.206;29.315;33.000;33.000
Rosenheim;74.400;75.900;76.045;78.123;78.416;78.880;80.161;79.089;59.000;:
Rostock;98.700;99.200;98.598;99.185;97.963;95.457;97.542;99.751;85.000;:
Rotterdam;:;335.000;426.000;430.000;:;:;458.135;459.704;492.000;500.000
Rouen;161.026;161.752;161.577;161.602;161.071;161.285;162.033;162.293;:;:
Ruhrgebiet;:;:;:;:;:;:;1.110.326;1.107.121;1.120.000;:
Ruse;:;:;38.013;37.233;37.603;36.920;36.851;35.747;35.331;:
Rybnik;:;:;:;:;:;:;:;:;:;:
Rzeszów;:;:;:;:;:;:;:;:;:;:
Râmnicu Vâlcea;:;:;:;:;:;:;:;:;:;:
Saarbrücken;177.000;175.000;178.269;185.889;181.272;181.087;179.353;179.217;128.000;:
Sagunto;:;:;17.926;17.944;17.906;17.922;17.821;18.232;18.628;18.993
Saint-Brieuc;44.022;44.030;44.149;44.427;44.389;44.484;44.506;44.949;:;:
Saint-Denis;68.773;69.947;71.138;71.644;72.108;72.192;73.594;73.780;:;:
Saint-Louis;11.033;11.287;11.492;11.563;11.278;11.235;11.161;11.127;:;:
Saint-Louis-Basel (French part);26.006;26.253;26.350;26.336;26.354;26.673;27.013;27.348;:;:
Saint-Étienne;104.705;104.625;105.288;105.255;105.254;105.549;105.976;106.704;:;:
Salamanca;47.652;47.198;47.173;45.876;46.589;46.182;45.950;45.645;46.384;47.380
Salerno;:;:;:;:;:;43.403;42.786;40.723;:;:
Samsun;:;:;:;:;:;:;:;:;:;:
San Sebastián/Donostia;74.391;74.555;75.116;75.124;72.855;76.586;76.756;78.040;78.619;76.408
Sanlúcar de Barrameda;:;:;:;:;:;:;:;14.162;15.277;15.119
Santa Cruz de Tenerife;115.383;117.879;125.752;126.203;127.818;124.808;127.730;125.869;131.697;133.976
Santa Lucía de Tirajana;:;:;:;:;:;:;:;18.716;19.247;19.780
Santander;85.622;86.297;84.541;85.535;84.801;84.990;85.145;84.481;86.785;85.393
Santiago de Compostela;48.114;47.879;47.685;48.079;48.255;49.141;48.819;47.477;48.060;48.520
Sassari;:;:;:;:;:;40.788;42.861;39.200;:;:
Sassuolo;:;:;:;:;:;19.493;20.057;19.205;:;:
Satu Mare;:;:;:;:;:;:;:;:;:;:
Savona;:;:;:;:;:;19.733;19.387;19.182;:;:
Schweinfurt;63.700;63.800;63.813;65.032;65.080;64.717;65.471;64.206;52.000;:
Schweiz/Suisse;:;:;:;:;:;:;:;:;:;:
Schwerin;74.300;75.000;73.852;73.754;72.605;70.583;71.630;73.211;38.000;:
Sevilla;319.130;322.700;350.100;343.569;342.646;349.363;351.878;342.127;358.200;361.159
Sheffield;:;:;269.300;260.800;273.700;279.900;:;:;:;:
Shumen;:;:;19.474;18.739;18.552;18.364;18.484;18.210;18.989;:
Sibiu;:;:;:;:;:;:;:;:;:;:
Siedlce;:;:;:;:;:;:;:;:;:;:
Siegen;91.500;92.100;93.021;95.340;94.825;94.832;94.863;93.435;56.000;:
Siirt;:;:;:;:;:;:;:;:;:;:
Siracusa;:;:;:;:;:;31.871;32.603;31.137;:;:
Sittard-Geleen;:;32.000;38.000;37.000;:;:;36.590;37.005;40.000;40.000
Slatina;:;:;:;:;:;:;:;:;:;:
Slavonski Brod;16.566;16.280;15.522;15.229;18.094;17.455;16.667;16.352;18.404;18.131
Sliven;:;:;23.375;22.628;22.580;22.475;22.455;21.888;21.044;:
Slovakia;1.209.500;1.211.800;1.233.600;1.247.400;1.250.600;1.240.400;:;1.231.300;:;:
Slovenia;462;467;429.336;432.918;439.715;445.407;:;:;:;:
Slupsk;:;:;:;:;:;:;:;:;:;:
Soest;:;:;18.000;17.000;:;:;17.989;18.499;18.000;18.000
Sofia;:;:;326.670;323.397;327.316;322.805;323.741;317.050;396.504;:
Solingen;35.600;36.200;36.467;36.891;36.644;36.877;36.973;36.731;34.000;:
Sopron;:;:;:;21.980;:;:;:;:;:;25.090
Southampton;:;:;175.200;168.700;167.500;169.500;:;:;:;:
Spain;10.668.800;10.595.400;10.635.042;10.660.422;10.569.600;10.600.300;:;:;:;:
Speyer;:;:;:;:;:;:;:;:;24.000;:
Split;68.045;67.804;67.146;66.871;54.103;70.607;68.854;68.572;69.351;74.770
St. Gallen;:;:;:;67.532;65.780;68.910;66.912;64.678;64.407;:
Stalowa Wola;:;:;:;:;:;:;:;:;:;:
Stara Zagora;:;:;33.499;33.083;33.547;33.023;33.028;32.191;34.075;:
Stargard;:;:;:;:;:;:;:;:;:;:
Stavanger;:;:;:;:;:;:;:;:;:;:
Stockholm;:;:;:;:;575.221;585.014;:;:;:;:
Stoke-on-Trent;:;:;105.400;111.800;108.300;111.400;:;:;:;:
Stralsund;52.700;52.500;51.988;52.115;51.270;49.896;50.560;51.764;24.000;:
Strasbourg;196.402;197.052;198.316;199.261;200.522;202.489;204.277;205.944;:;:
Stuttgart;643.900;647.600;655.430;671.971;673.342;675.081;684.757;665.780;644.000;:
Suceava;:;:;:;:;:;:;:;:;:;:
Suwalki;:;:;:;:;:;:;:;:;:;:
Swansea;:;:;83.200;85.600;83.900;82.000;:;:;:;:
Sweden;:;:;:;:;1.452.425;1.478.426;:;:;:;:
Swidnica;:;:;:;:;:;:;:;:;:;:
Szczecin;:;:;:;:;:;:;:;:;:;:
Szeged;:;:;:;56.315;:;:;:;:;:;60.157
Szolnok;:;:;:;34.798;:;:;:;:;:;36.187
Szombathely;:;:;:;34.411;:;:;:;:;:;37.424
Székesfehérvár;:;:;:;61.158;:;:;:;:;:;67.340
Talavera de la Reina;:;:;22.110;22.500;21.961;22.140;21.826;21.805;22.801;22.856
Tallinn;:;:;157.700;155.100;161.800;163.300;167.900;169.200;170.500;179.700
Tampere/Tammerfors;:;:;105.699;106.325;106.205;106.774;107.730;108.981;110.342;:
Taranto;:;:;:;:;:;54.861;55.966;54.600;:;:
Tarnów;:;:;:;:;:;:;:;:;:;:
Tarragona;51.958;51.237;51.449;50.270;51.160;50.972;51.630;51.404;52.438;52.316
Tartu;:;:;39.700;37.700;38.200;40.100;40.700;38.800;38.200;41.300
Tatabánya;:;:;:;31.923;:;:;:;:;:;36.419
Tczew;:;:;:;:;:;:;:;:;:;:
Terni;:;:;:;:;:;31.138;31.487;30.027;:;:
Thessaloniki;:;:;:;:;:;:;:;:;:;:
Tilburg;:;68.000;77.000;76.000;:;:;79.806;82.676;84.000;86.000
Timisoara;:;:;:;:;:;:;:;:;:;:
Toledo;34.402;33.697;33.743;34.674;34.524;34.629;34.305;34.600;36.182;36.453
Tomaszów Mazowiecki;:;:;:;:;:;:;:;:;:;:
Torino;:;:;:;:;:;356.207;355.361;351.190;:;:
Torrevieja;:;:;19.945;20.007;19.358;19.067;19.446;18.829;19.242;20.300
Torun;:;:;:;:;:;:;:;:;:;:
Toulon;115.506;116.386;117.469;118.333;119.655;120.671;122.076;122.730;:;:
Toulouse;329.697;335.782;340.792;344.341;347.351;351.434;356.889;363.252;:;:
Tours;118.701;119.422;119.470;119.617;119.801;120.504;121.208;122.570;:;:
Trabzon;:;:;:;:;:;:;:;:;:;:
Trani;:;:;:;:;:;8.433;8.554;8.216;:;:
Trapani;:;:;:;:;:;17.236;16.207;16.885;:;:
Trencín;:;:;:;:;:;:;:;:;:;:
Trento;:;:;:;:;:;49.082;50.664;49.301;:;:
Treviso;:;:;:;:;:;40.019;40.396;40.969;:;:
Trier;53.300;54.000;53.846;55.751;55.304;54.857;55.230;53.939;74.000;:
Trieste;:;:;:;:;:;47.018;46.026;46.406;:;:
Trnava;:;:;:;:;:;:;:;:;:;:
Trondheim;:;:;:;:;:;:;:;:;:;:
Troyes;47.764;48.105;48.566;48.541;48.800;48.729;48.810;48.737;:;:
Tulcea;:;:;:;:;:;:;:;:;:;:
Turku/Åbo;:;:;87.166;87.443;87.608;88.237;88.320;88.850;89.191;:
Târgoviste;:;:;:;:;:;:;:;:;:;:
Târgu Jiu;:;:;:;:;:;:;:;:;:;:
Târgu Mures;:;:;:;:;:;:;:;:;:;:
Tübingen;53.300;53.600;54.199;55.792;56.229;56.727;57.675;56.066;60.000;:
Türkiye;:;:;:;:;:;:;:;:;:;:
Udine;:;:;:;:;:;48.673;48.972;48.129;:;:
Ulm;117.600;118.700;119.320;121.881;122.248;122.822;125.123;122.401;121.000;:
Umeå;:;:;:;:;38.371;38.977;:;:;:;:
United Kingdom;:;:;:;:;:;:;:;:;:;:
Uppsala;:;:;:;:;76.551;77.743;:;:;:;:
Utrecht;:;196.000;231.000;231.000;:;:;234.379;235.698;249.000;255.000
Valence;55.491;56.102;56.711;56.646;57.279;57.871;58.076;58.733;:;:
Valencia;375.768;374.660;:;404.364;401.627;400.416;399.329;407.835;416.996;420.277
Valenciennes;66.320;66.779;67.281;67.546;67.728;67.914;67.893;68.463;:;:
Valladolid;98.198;95.986;96.662;97.080;95.184;99.881;98.514;95.542;95.799;95.489
Van;:;:;:;:;:;:;:;:;:;:
Vannes;43.655;44.057;44.334;44.656;45.017;45.217;45.707;46.259;:;:
Varese;:;:;:;:;:;40.822;40.904;37.772;:;:
Varna;:;:;84.284;83.333;84.842;83.901;84.454;82.856;91.718;:
Veenendaal;:;:;22.000;23.000;:;:;22.353;22.986;25.000;25.000
Veliko Tarnovo;:;:;16.365;15.663;16.317;16.254;16.606;16.344;18.610;:
Venezia;:;:;:;:;:;110.825;110.125;106.082;:;:
Venlo;:;46.000;49.000;49.000;:;:;51.449;50.041;52.000;53.000
Verona;:;:;:;:;:;106.491;107.598;106.892;:;:
Verviers;:;:;:;:;:;:;:;:;20.374;:
Veszprém;:;:;:;29.458;:;:;:;:;:;33.249
Viana do Castelo;:;:;:;:;:;:;:;:;19.741;:
Vicenza;:;:;:;:;:;47.340;48.325;48.651;:;:
Vidin;:;:;10.760;10.097;10.377;10.218;10.314;9.963;9.777;:
Vigo;123.004;124.291;122.149;121.442;121.621;124.725;124.170;120.757;123.239;124.727
Villingen-Schwenningen;50.200;50.200;50.365;51.296;51.366;51.559;52.080;50.516;46.000;:
Vilnius;:;:;197.682;206.209;213.749;213.999;209.255;215.529;219.930;226.460
Viseu;:;:;:;:;:;:;:;:;24.864;:
Vitoria/Gasteiz;61.644;62.071;61.551;61.801;60.445;61.452;63.371;63.292;64.023;63.842
Volos;:;:;:;:;:;:;:;:;:;:
Vratsa;:;:;12.791;11.728;12.137;12.048;12.523;12.017;13.484;:
Västerås;:;:;:;:;46.417;47.112;:;:;:;:
Walbrzych;:;:;:;:;:;:;:;:;:;:
Warszawa;:;:;:;:;:;:;:;:;:;:
Waterford;:;:;:;:;:;:;:;:;:;:
Weimar;35.300;35.200;34.567;34.984;34.601;34.644;34.795;34.324;24.000;:
West Midlands urban area;:;:;635.000;630.500;665.500;662.400;:;:;:;:
Wetzlar;59.300;58.200;58.581;59.028;58.897;59.141;59.751;58.000;34.000;:
Wiesbaden;110.700;108.900;110.212;112.017;112.150;111.987;113.890;110.631;108.000;:
Wilhelmshaven;38.600;38.019;38.400;38.271;38.589;38.665;38.784;38.289;29.000;:
Wloclawek;:;:;:;:;:;:;:;:;:;:
Wolfsburg;:;:;:;:;:;:;:;:;87.000;:
Worcester;:;:;42.100;40.600;43.200;46.500;:;:;:;:
Wroclaw;:;:;:;:;:;:;:;:;:;:
Wuppertal;74.500;73.900;74.183;75.569;:;:;75.862;75.844;85.000;:
Würzburg;126.300;127.000;126.813;129.514;129.283;129.361;130.956;127.668;100.000;:
Yambol;:;:;17.975;17.271;17.133;16.970;16.929;16.446;16.667;:
Zadar;:;:;:;23.319;17.669;24.041;22.986;22.874;24.105;26.899
Zagreb;266.459;266.148;265.295;264.892;252.061;281.045;281.861;281.432;275.543;270.705
Zalaegerszeg;:;:;:;23.470;:;:;:;:;:;25.175
Zamora;:;:;16.159;16.250;15.342;15.840;15.520;15.066;15.084;15.121
Zamosc;:;:;:;:;:;:;:;:;:;:
Zaragoza;178.266;176.411;174.669;179.714;178.310;180.358;181.848;182.625;184.232;184.688
Zielona Góra;:;:;:;:;:;:;:;:;:;:
Zlín;:;:;:;:;:;:;:;:;:;:
Zonguldak;:;:;:;:;:;:;:;:;:;:
Zwickau;76.600;76.400;75.654;74.856;74.332;72.745;73.102;70.830;54.000;:
Zwolle;:;58.000;85.000;86.000;:;:;93.760;93.889;97.000;100.000
Zürich;:;:;:;490.042;490.103;500.141;485.846;502.133;504.150;:
Ávila;:;:;14.057;14.499;13.997;14.051;13.996;13.974;13.919;14.018
Århus;:;:;:;:;:;:;:;:;:;:
Örebro;:;:;:;:;50.472;51.855;:;:;:;:
Ústí nad Labem;:;:;:;:;:;:;:;:;:;:
Žilina;:;:;:;:;:;:;:;:;:;:
;;;;;;;;;;
Special value;;;;;;;;;;
:;not available;;;;;;;;;
Available flags:;;;;;;;;;;
b;break in time series;;;;;;;;;
d;definition differs (see metadata);;;;;;;;;
e;estimated;;;;;;;;;
u;low reliability;;;;;;;;;
;;;;;;;;;;
;;;;;;;;;;
;;;;;;;;;;
;;;;;;;;;;
;;;;;;;;;;
;;;;;;;;;;
;;;;;;;;;;
;;;;;;;;;;
;;;;;;;;;;
;;;;;;;;;;
;;;;;;;;;;
;;;;;;;;;;
;;;;;;;;;;
;;;;;;;;;;
;;;;;;;;;;
;;;;;;;;;;
;;;;;;;;;;
;;;;;;;;;;
;;;;;;;;;;
;;;;;;;;;;
;;;;;;;;;;
;;;;;;;;;;
;;;;;;;;;;
;;;;;;;;;;
;;;;;;;;;;
;;;;;;;;;;
;;;;;;;;;;
;;;;;;;;;;
;;;;;;;;;;
;;;;;;;;;;
;;;;;;;;;;
;;;;;;;;;;
;;;;;;;;;;
;;;;;;;;;;
;;;;;;;;;;
;;;;;;;;;;
;;;;;;;;;;
;;;;;;;;;;
;;;;;;;;;;
;;;;;;;;;;
;;;;;;;;;;
;;;;;;;;;;
;;;;;;;;;;
;;;;;;;;;;
;;;;;;;;;;
;;;;;;;;;;
;;;;;;;;;;
;;;;;;;;;;
;;;;;;;;;;
;;;;;;;;;;
;;;;;;;;;;
;;;;;;;;;;
;;;;;;;;;;
;;;;;;;;;;
;;;;;;;;;;
;;;;;;;;;;
;;;;;;;;;;
;;;;;;;;;;
;;;;;;;;;;
;;;;;;;;;;
;;;;;;;;;;
;;;;;;;;;;
;;;;;;;;;;
;;;;;;;;;;
;;;;;;;;;;
;;;;;;;;;;
;;;;;;;;;;
;;;;;;;;;;
;;;;;;;;;;
;;;;;;;;;;
;;;;;;;;;;
;;;;;;;;;;
;;;;;;;;;;
;;;;;;;;;;
;;;;;;;;;;
;;;;;;;;;;
;;;;;;;;;;
;;;;;;;;;;
;;;;;;;;;;
;;;;;;;;;;
;;;;;;;;;;
;;;;;;;;;;
;;;;;;;;;;
;;;;;;;;;;
;;;;;;;;;;
;;;;;;;;;;
;;;;;;;;;;
;;;;;;;;;;
;;;;;;;;;;
;;;;;;;;;;
;;;;;;;;;;
;;;;;;;;;;
;;;;;;;;;;
;;;;;;;;;;
;;;;;;;;;;
;;;;;;;;;;
;;;;;;;;;;
;;;;;;;;;;
;;;;;;;;;;
;;;;;;;;;;
;;;;;;;;;;
;;;;;;;;;;
;;;;;;;;;;
;;;;;;;;;;
;;;;;;;;;;
;;;;;;;;;;
;;;;;;;;;;
;;;;;;;;;;
;;;;;;;;;;
;;;;;;;;;;
;;;;;;;;;;
;;;;;;;;;;
;;;;;;;;;;
;;;;;;;;;;
;;;;;;;;;;
;;;;;;;;;;
;;;;;;;;;;
;;;;;;;;;;
;;;;;;;;;;
;;;;;;;;;;
;;;;;;;;;;
;;;;;;;;;;
;;;;;;;;;;
;;;;;;;;;;
;;;;;;;;;;
;;;;;;;;;;
;;;;;;;;;;
;;;;;;;;;;
;;;;;;;;;;
;;;;;;;;;;
;;;;;;;;;;
;;;;;;;;;;
;;;;;;;;;;
;;;;;;;;;;
;;;;;;;;;;
;;;;;;;;;;
;;;;;;;;;;
;;;;;;;;;;
;;;;;;;;;;
;;;;;;;;;;
;;;;;;;;;;
;;;;;;;;;;
;;;;;;;;;;
;;;;;;;;;;
;;;;;;;;;;
;;;;;;;;;;
;;;;;;;;;;
;;;;;;;;;;
;;;;;;;;;;
;;;;;;;;;;
;;;;;;;;;;
;;;;;;;;;;
;;;;;;;;;;
;;;;;;;;;;
;;;;;;;;;;
;;;;;;;;;;
;;;;;;;;;;
;;;;;;;;;;
;;;;;;;;;;
;;;;;;;;;;
;;;;;;;;;;
;;;;;;;;;;
;;;;;;;;;;
;;;;;;;;;;
;;;;;;;;;;
;;;;;;;;;;
;;;;;;;;;;
;;;;;;;;;;
;;;;;;;;;;
;;;;;;;;;;
;;;;;;;;;;
;;;;;;;;;;
;;;;;;;;;;
;;;;;;;;;;
;;;;;;;;;;
;;;;;;;;;;
;;;;;;;;;;
;;;;;;;;;;
;;;;;;;;;;
;;;;;;;;;;
;;;;;;;;;;
;;;;;;;;;;
;;;;;;;;;;
;;;;;;;;;;
;;;;;;;;;;
;;;;;;;;;;
;;;;;;;;;;
;;;;;;;;;;
;;;;;;;;;;
;;;;;;;;;;
;;;;;;;;;;
;;;;;;;;;;
;;;;;;;;;;
;;;;;;;;;;
;;;;;;;;;;
;;;;;;;;;;
;;;;;;;;;;
;;;;;;;;;;
;;;;;;;;;;
;;;;;;;;;;
;;;;;;;;;;
;;;;;;;;;;
;;;;;;;;;;
;;;;;;;;;;
;;;;;;;;;;
;;;;;;;;;;
;;;;;;;;;;
;;;;;;;;;;
;;;;;;;;;;
;;;;;;;;;;
;;;;;;;;;;
;;;;;;;;;;
;;;;;;;;;;
;;;;;;;;;;
;;;;;;;;;;
;;;;;;;;;;
;;;;;;;;;;
;;;;;;;;;;
;;;;;;;;;;
;;;;;;;;;;
;;;;;;;;;;
;;;;;;;;;;
;;;;;;;;;;
;;;;;;;;;;
;;;;;;;;;;
;;;;;;;;;;
;;;;;;;;;;
;;;;;;;;;;
;;;;;;;;;;
;;;;;;;;;;
;;;;;;;;;;
;;;;;;;;;;
;;;;;;;;;;
;;;;;;;;;;
;;;;;;;;;;
;;;;;;;;;;
;;;;;;;;;;
;;;;;;;;;;
;;;;;;;;;;
;;;;;;;;;;
;;;;;;;;;;
;;;;;;;;;;
;;;;;;;;;;
;;;;;;;;;;
;;;;;;;;;;
;;;;;;;;;;
;;;;;;;;;;
;;;;;;;;;;
;;;;;;;;;;
;;;;;;;;;;
;;;;;;;;;;
;;;;;;;;;;
;;;;;;;;;;
;;;;;;;;;;
;;;;;;;;;;
;;;;;;;;;;
;;;;;;;;;;
;;;;;;;;;;
;;;;;;;;;;
;;;;;;;;;;
;;;;;;;;;;
;;;;;;;;;;
;;;;;;;;;;
;;;;;;;;;;
;;;;;;;;;;
;;;;;;;;;;
;;;;;;;;;;
;;;;;;;;;;
;;;;;;;;;;
;;;;;;;;;;
